[
{
    "model": "admin.logentry",
    "pk": 1,
    "fields": {
        "action_time": "2022-12-05T13:09:00.754Z",
        "user": 1,
        "content_type": 7,
        "object_id": "1",
        "object_repr": "Simple addition",
        "action_flag": 1,
        "change_message": "[{\"added\": {}}]"
    }
},
{
    "model": "admin.logentry",
    "pk": 2,
    "fields": {
        "action_time": "2022-12-05T13:09:11.944Z",
        "user": 1,
        "content_type": 7,
        "object_id": "2",
        "object_repr": "General",
        "action_flag": 1,
        "change_message": "[{\"added\": {}}]"
    }
},
{
    "model": "admin.logentry",
    "pk": 3,
    "fields": {
        "action_time": "2022-12-05T13:09:42.869Z",
        "user": 1,
        "content_type": 8,
        "object_id": "1",
        "object_repr": "2 + 2 = ...?",
        "action_flag": 1,
        "change_message": "[{\"added\": {}}, {\"added\": {\"name\": \"option\", \"object\": \"4\"}}, {\"added\": {\"name\": \"option\", \"object\": \"3\"}}, {\"added\": {\"name\": \"option\", \"object\": \"6\"}}, {\"added\": {\"name\": \"option\", \"object\": \"7\"}}]"
    }
},
{
    "model": "admin.logentry",
    "pk": 4,
    "fields": {
        "action_time": "2022-12-05T13:11:24.476Z",
        "user": 1,
        "content_type": 8,
        "object_id": "2",
        "object_repr": "1 + 1 = ...?",
        "action_flag": 1,
        "change_message": "[{\"added\": {}}, {\"added\": {\"name\": \"option\", \"object\": \"3\"}}, {\"added\": {\"name\": \"option\", \"object\": \"2\"}}, {\"added\": {\"name\": \"option\", \"object\": \"4\"}}, {\"added\": {\"name\": \"option\", \"object\": \"9\"}}]"
    }
},
{
    "model": "admin.logentry",
    "pk": 5,
    "fields": {
        "action_time": "2022-12-05T13:30:06.226Z",
        "user": 1,
        "content_type": 11,
        "object_id": "1",
        "object_repr": "Testing object (1)",
        "action_flag": 3,
        "change_message": ""
    }
},
{
    "model": "admin.logentry",
    "pk": 6,
    "fields": {
        "action_time": "2022-12-05T13:42:27.747Z",
        "user": 1,
        "content_type": 11,
        "object_id": "2",
        "object_repr": "Testing object (2)",
        "action_flag": 2,
        "change_message": "[{\"changed\": {\"fields\": [\"Answered questions\"]}}]"
    }
},
{
    "model": "admin.logentry",
    "pk": 7,
    "fields": {
        "action_time": "2022-12-05T13:44:23.866Z",
        "user": 1,
        "content_type": 11,
        "object_id": "2",
        "object_repr": "Testing object (2)",
        "action_flag": 2,
        "change_message": "[{\"changed\": {\"fields\": [\"Answered questions\"]}}]"
    }
},
{
    "model": "admin.logentry",
    "pk": 8,
    "fields": {
        "action_time": "2022-12-05T13:44:46.595Z",
        "user": 1,
        "content_type": 11,
        "object_id": "2",
        "object_repr": "Testing object (2)",
        "action_flag": 2,
        "change_message": "[{\"changed\": {\"fields\": [\"Answered questions\"]}}]"
    }
},
{
    "model": "admin.logentry",
    "pk": 9,
    "fields": {
        "action_time": "2022-12-05T14:00:32.506Z",
        "user": 1,
        "content_type": 11,
        "object_id": "2",
        "object_repr": "Testing object (2)",
        "action_flag": 2,
        "change_message": "[{\"changed\": {\"fields\": [\"Answered questions\"]}}]"
    }
},
{
    "model": "admin.logentry",
    "pk": 10,
    "fields": {
        "action_time": "2022-12-05T14:03:21.301Z",
        "user": 1,
        "content_type": 10,
        "object_id": "3",
        "object_repr": "Answer object (3)",
        "action_flag": 3,
        "change_message": ""
    }
},
{
    "model": "admin.logentry",
    "pk": 11,
    "fields": {
        "action_time": "2022-12-05T14:03:27.110Z",
        "user": 1,
        "content_type": 10,
        "object_id": "2",
        "object_repr": "Answer object (2)",
        "action_flag": 3,
        "change_message": ""
    }
},
{
    "model": "admin.logentry",
    "pk": 12,
    "fields": {
        "action_time": "2022-12-05T14:03:27.113Z",
        "user": 1,
        "content_type": 10,
        "object_id": "1",
        "object_repr": "Answer object (1)",
        "action_flag": 3,
        "change_message": ""
    }
},
{
    "model": "admin.logentry",
    "pk": 13,
    "fields": {
        "action_time": "2022-12-05T14:06:08.231Z",
        "user": 1,
        "content_type": 11,
        "object_id": "2",
        "object_repr": "Testing object (2)",
        "action_flag": 3,
        "change_message": ""
    }
},
{
    "model": "admin.logentry",
    "pk": 14,
    "fields": {
        "action_time": "2022-12-05T14:13:02.350Z",
        "user": 1,
        "content_type": 10,
        "object_id": "5",
        "object_repr": "Answer object (5)",
        "action_flag": 3,
        "change_message": ""
    }
},
{
    "model": "admin.logentry",
    "pk": 15,
    "fields": {
        "action_time": "2022-12-05T14:13:02.354Z",
        "user": 1,
        "content_type": 10,
        "object_id": "4",
        "object_repr": "Answer object (4)",
        "action_flag": 3,
        "change_message": ""
    }
},
{
    "model": "admin.logentry",
    "pk": 16,
    "fields": {
        "action_time": "2022-12-05T14:13:27.822Z",
        "user": 1,
        "content_type": 11,
        "object_id": "3",
        "object_repr": "Testing object (3)",
        "action_flag": 3,
        "change_message": ""
    }
},
{
    "model": "admin.logentry",
    "pk": 17,
    "fields": {
        "action_time": "2022-12-05T14:33:59.035Z",
        "user": 1,
        "content_type": 10,
        "object_id": "8",
        "object_repr": "Answer object (8)",
        "action_flag": 3,
        "change_message": ""
    }
},
{
    "model": "admin.logentry",
    "pk": 18,
    "fields": {
        "action_time": "2022-12-05T14:33:59.037Z",
        "user": 1,
        "content_type": 10,
        "object_id": "6",
        "object_repr": "Answer object (6)",
        "action_flag": 3,
        "change_message": ""
    }
},
{
    "model": "admin.logentry",
    "pk": 19,
    "fields": {
        "action_time": "2022-12-05T14:35:50.857Z",
        "user": 1,
        "content_type": 11,
        "object_id": "5",
        "object_repr": "Testing object (5)",
        "action_flag": 3,
        "change_message": ""
    }
},
{
    "model": "admin.logentry",
    "pk": 20,
    "fields": {
        "action_time": "2022-12-05T14:35:50.860Z",
        "user": 1,
        "content_type": 11,
        "object_id": "4",
        "object_repr": "Testing object (4)",
        "action_flag": 3,
        "change_message": ""
    }
},
{
    "model": "admin.logentry",
    "pk": 21,
    "fields": {
        "action_time": "2022-12-05T15:06:46.706Z",
        "user": 1,
        "content_type": 11,
        "object_id": "6",
        "object_repr": "Testing object (6)",
        "action_flag": 3,
        "change_message": ""
    }
},
{
    "model": "admin.logentry",
    "pk": 22,
    "fields": {
        "action_time": "2022-12-05T15:06:53.489Z",
        "user": 1,
        "content_type": 10,
        "object_id": "10",
        "object_repr": "Answer object (10)",
        "action_flag": 3,
        "change_message": ""
    }
},
{
    "model": "admin.logentry",
    "pk": 23,
    "fields": {
        "action_time": "2022-12-05T15:06:53.492Z",
        "user": 1,
        "content_type": 10,
        "object_id": "9",
        "object_repr": "Answer object (9)",
        "action_flag": 3,
        "change_message": ""
    }
},
{
    "model": "admin.logentry",
    "pk": 24,
    "fields": {
        "action_time": "2022-12-05T17:40:18.623Z",
        "user": 1,
        "content_type": 11,
        "object_id": "7",
        "object_repr": "Quiz:Simple addition User:admin time:05/12/22",
        "action_flag": 3,
        "change_message": ""
    }
},
{
    "model": "admin.logentry",
    "pk": 25,
    "fields": {
        "action_time": "2022-12-05T17:41:05.069Z",
        "user": 1,
        "content_type": 10,
        "object_id": "12",
        "object_repr": "Answer object (12)",
        "action_flag": 3,
        "change_message": ""
    }
},
{
    "model": "admin.logentry",
    "pk": 26,
    "fields": {
        "action_time": "2022-12-05T17:41:05.071Z",
        "user": 1,
        "content_type": 10,
        "object_id": "11",
        "object_repr": "Answer object (11)",
        "action_flag": 3,
        "change_message": ""
    }
},
{
    "model": "admin.logentry",
    "pk": 27,
    "fields": {
        "action_time": "2022-12-05T17:42:06.476Z",
        "user": 1,
        "content_type": 10,
        "object_id": "14",
        "object_repr": "Answer object (14)",
        "action_flag": 3,
        "change_message": ""
    }
},
{
    "model": "admin.logentry",
    "pk": 28,
    "fields": {
        "action_time": "2022-12-05T17:42:06.479Z",
        "user": 1,
        "content_type": 10,
        "object_id": "13",
        "object_repr": "Answer object (13)",
        "action_flag": 3,
        "change_message": ""
    }
},
{
    "model": "admin.logentry",
    "pk": 29,
    "fields": {
        "action_time": "2022-12-05T17:42:12.014Z",
        "user": 1,
        "content_type": 11,
        "object_id": "8",
        "object_repr": "Quiz:Simple addition User:admin time:05/12/22",
        "action_flag": 3,
        "change_message": ""
    }
},
{
    "model": "admin.logentry",
    "pk": 30,
    "fields": {
        "action_time": "2022-12-05T17:52:51.096Z",
        "user": 1,
        "content_type": 11,
        "object_id": "10",
        "object_repr": "Quiz:Simple addition User:admin time:Mon Dec  5 17:42:26 2022",
        "action_flag": 3,
        "change_message": ""
    }
},
{
    "model": "admin.logentry",
    "pk": 31,
    "fields": {
        "action_time": "2022-12-05T17:52:51.104Z",
        "user": 1,
        "content_type": 11,
        "object_id": "9",
        "object_repr": "Quiz:Simple addition User:admin time:Mon Dec  5 17:42:20 2022",
        "action_flag": 3,
        "change_message": ""
    }
},
{
    "model": "admin.logentry",
    "pk": 32,
    "fields": {
        "action_time": "2022-12-05T17:52:58.489Z",
        "user": 1,
        "content_type": 10,
        "object_id": "18",
        "object_repr": "Answer object (18)",
        "action_flag": 3,
        "change_message": ""
    }
},
{
    "model": "admin.logentry",
    "pk": 33,
    "fields": {
        "action_time": "2022-12-05T17:52:58.491Z",
        "user": 1,
        "content_type": 10,
        "object_id": "17",
        "object_repr": "Answer object (17)",
        "action_flag": 3,
        "change_message": ""
    }
},
{
    "model": "admin.logentry",
    "pk": 34,
    "fields": {
        "action_time": "2022-12-05T17:52:58.493Z",
        "user": 1,
        "content_type": 10,
        "object_id": "16",
        "object_repr": "Answer object (16)",
        "action_flag": 3,
        "change_message": ""
    }
},
{
    "model": "admin.logentry",
    "pk": 35,
    "fields": {
        "action_time": "2022-12-05T17:52:58.495Z",
        "user": 1,
        "content_type": 10,
        "object_id": "15",
        "object_repr": "Answer object (15)",
        "action_flag": 3,
        "change_message": ""
    }
},
{
    "model": "admin.logentry",
    "pk": 36,
    "fields": {
        "action_time": "2022-12-05T18:25:35.840Z",
        "user": 1,
        "content_type": 8,
        "object_id": "3",
        "object_repr": "Money of russian ?",
        "action_flag": 1,
        "change_message": "[{\"added\": {}}, {\"added\": {\"name\": \"option\", \"object\": \"Ruble\"}}, {\"added\": {\"name\": \"option\", \"object\": \"Yen\"}}, {\"added\": {\"name\": \"option\", \"object\": \"Dollars\"}}, {\"added\": {\"name\": \"option\", \"object\": \"Euros\"}}]"
    }
},
{
    "model": "admin.logentry",
    "pk": 37,
    "fields": {
        "action_time": "2022-12-05T18:27:48.347Z",
        "user": 1,
        "content_type": 8,
        "object_id": "4",
        "object_repr": "2 + 5 = ..?",
        "action_flag": 1,
        "change_message": "[{\"added\": {}}, {\"added\": {\"name\": \"option\", \"object\": \"6\"}}, {\"added\": {\"name\": \"option\", \"object\": \"7\"}}, {\"added\": {\"name\": \"option\", \"object\": \"9\"}}, {\"added\": {\"name\": \"option\", \"object\": \"10\"}}]"
    }
},
{
    "model": "admin.logentry",
    "pk": 38,
    "fields": {
        "action_time": "2022-12-06T14:23:25.484Z",
        "user": 1,
        "content_type": 8,
        "object_id": "4",
        "object_repr": "2 + 5 = ..?",
        "action_flag": 2,
        "change_message": "[]"
    }
},
{
    "model": "admin.logentry",
    "pk": 39,
    "fields": {
        "action_time": "2022-12-06T14:31:15.381Z",
        "user": 1,
        "content_type": 8,
        "object_id": "2",
        "object_repr": "1 + 1 = ...?",
        "action_flag": 2,
        "change_message": "[{\"changed\": {\"name\": \"option\", \"object\": \"9\", \"fields\": [\"Correct\"]}}]"
    }
},
{
    "model": "admin.logentry",
    "pk": 40,
    "fields": {
        "action_time": "2022-12-06T14:31:24.293Z",
        "user": 1,
        "content_type": 8,
        "object_id": "2",
        "object_repr": "1 + 1 = ...?",
        "action_flag": 2,
        "change_message": "[{\"changed\": {\"name\": \"option\", \"object\": \"9\", \"fields\": [\"Correct\"]}}]"
    }
},
{
    "model": "admin.logentry",
    "pk": 41,
    "fields": {
        "action_time": "2022-12-06T14:33:27.777Z",
        "user": 1,
        "content_type": 8,
        "object_id": "2",
        "object_repr": "1 + 1 = ...?",
        "action_flag": 2,
        "change_message": "[]"
    }
},
{
    "model": "admin.logentry",
    "pk": 42,
    "fields": {
        "action_time": "2022-12-06T14:34:21.462Z",
        "user": 1,
        "content_type": 8,
        "object_id": "2",
        "object_repr": "1 + 1 = ...?",
        "action_flag": 2,
        "change_message": "[]"
    }
},
{
    "model": "admin.logentry",
    "pk": 43,
    "fields": {
        "action_time": "2022-12-06T14:35:38.025Z",
        "user": 1,
        "content_type": 8,
        "object_id": "2",
        "object_repr": "1 + 1 = ...?",
        "action_flag": 2,
        "change_message": "[]"
    }
},
{
    "model": "admin.logentry",
    "pk": 44,
    "fields": {
        "action_time": "2022-12-06T14:36:40.622Z",
        "user": 1,
        "content_type": 8,
        "object_id": "2",
        "object_repr": "1 + 1 = ...?",
        "action_flag": 2,
        "change_message": "[]"
    }
},
{
    "model": "auth.permission",
    "pk": 1,
    "fields": {
        "name": "Can add log entry",
        "content_type": 1,
        "codename": "add_logentry"
    }
},
{
    "model": "auth.permission",
    "pk": 2,
    "fields": {
        "name": "Can change log entry",
        "content_type": 1,
        "codename": "change_logentry"
    }
},
{
    "model": "auth.permission",
    "pk": 3,
    "fields": {
        "name": "Can delete log entry",
        "content_type": 1,
        "codename": "delete_logentry"
    }
},
{
    "model": "auth.permission",
    "pk": 4,
    "fields": {
        "name": "Can view log entry",
        "content_type": 1,
        "codename": "view_logentry"
    }
},
{
    "model": "auth.permission",
    "pk": 5,
    "fields": {
        "name": "Can add permission",
        "content_type": 2,
        "codename": "add_permission"
    }
},
{
    "model": "auth.permission",
    "pk": 6,
    "fields": {
        "name": "Can change permission",
        "content_type": 2,
        "codename": "change_permission"
    }
},
{
    "model": "auth.permission",
    "pk": 7,
    "fields": {
        "name": "Can delete permission",
        "content_type": 2,
        "codename": "delete_permission"
    }
},
{
    "model": "auth.permission",
    "pk": 8,
    "fields": {
        "name": "Can view permission",
        "content_type": 2,
        "codename": "view_permission"
    }
},
{
    "model": "auth.permission",
    "pk": 9,
    "fields": {
        "name": "Can add group",
        "content_type": 3,
        "codename": "add_group"
    }
},
{
    "model": "auth.permission",
    "pk": 10,
    "fields": {
        "name": "Can change group",
        "content_type": 3,
        "codename": "change_group"
    }
},
{
    "model": "auth.permission",
    "pk": 11,
    "fields": {
        "name": "Can delete group",
        "content_type": 3,
        "codename": "delete_group"
    }
},
{
    "model": "auth.permission",
    "pk": 12,
    "fields": {
        "name": "Can view group",
        "content_type": 3,
        "codename": "view_group"
    }
},
{
    "model": "auth.permission",
    "pk": 13,
    "fields": {
        "name": "Can add content type",
        "content_type": 4,
        "codename": "add_contenttype"
    }
},
{
    "model": "auth.permission",
    "pk": 14,
    "fields": {
        "name": "Can change content type",
        "content_type": 4,
        "codename": "change_contenttype"
    }
},
{
    "model": "auth.permission",
    "pk": 15,
    "fields": {
        "name": "Can delete content type",
        "content_type": 4,
        "codename": "delete_contenttype"
    }
},
{
    "model": "auth.permission",
    "pk": 16,
    "fields": {
        "name": "Can view content type",
        "content_type": 4,
        "codename": "view_contenttype"
    }
},
{
    "model": "auth.permission",
    "pk": 17,
    "fields": {
        "name": "Can add session",
        "content_type": 5,
        "codename": "add_session"
    }
},
{
    "model": "auth.permission",
    "pk": 18,
    "fields": {
        "name": "Can change session",
        "content_type": 5,
        "codename": "change_session"
    }
},
{
    "model": "auth.permission",
    "pk": 19,
    "fields": {
        "name": "Can delete session",
        "content_type": 5,
        "codename": "delete_session"
    }
},
{
    "model": "auth.permission",
    "pk": 20,
    "fields": {
        "name": "Can view session",
        "content_type": 5,
        "codename": "view_session"
    }
},
{
    "model": "auth.permission",
    "pk": 21,
    "fields": {
        "name": "Can add user",
        "content_type": 6,
        "codename": "add_user"
    }
},
{
    "model": "auth.permission",
    "pk": 22,
    "fields": {
        "name": "Can change user",
        "content_type": 6,
        "codename": "change_user"
    }
},
{
    "model": "auth.permission",
    "pk": 23,
    "fields": {
        "name": "Can delete user",
        "content_type": 6,
        "codename": "delete_user"
    }
},
{
    "model": "auth.permission",
    "pk": 24,
    "fields": {
        "name": "Can view user",
        "content_type": 6,
        "codename": "view_user"
    }
},
{
    "model": "auth.permission",
    "pk": 25,
    "fields": {
        "name": "Can add quiz",
        "content_type": 7,
        "codename": "add_quiz"
    }
},
{
    "model": "auth.permission",
    "pk": 26,
    "fields": {
        "name": "Can change quiz",
        "content_type": 7,
        "codename": "change_quiz"
    }
},
{
    "model": "auth.permission",
    "pk": 27,
    "fields": {
        "name": "Can delete quiz",
        "content_type": 7,
        "codename": "delete_quiz"
    }
},
{
    "model": "auth.permission",
    "pk": 28,
    "fields": {
        "name": "Can view quiz",
        "content_type": 7,
        "codename": "view_quiz"
    }
},
{
    "model": "auth.permission",
    "pk": 29,
    "fields": {
        "name": "Can add question",
        "content_type": 8,
        "codename": "add_question"
    }
},
{
    "model": "auth.permission",
    "pk": 30,
    "fields": {
        "name": "Can change question",
        "content_type": 8,
        "codename": "change_question"
    }
},
{
    "model": "auth.permission",
    "pk": 31,
    "fields": {
        "name": "Can delete question",
        "content_type": 8,
        "codename": "delete_question"
    }
},
{
    "model": "auth.permission",
    "pk": 32,
    "fields": {
        "name": "Can view question",
        "content_type": 8,
        "codename": "view_question"
    }
},
{
    "model": "auth.permission",
    "pk": 33,
    "fields": {
        "name": "Can add option",
        "content_type": 9,
        "codename": "add_option"
    }
},
{
    "model": "auth.permission",
    "pk": 34,
    "fields": {
        "name": "Can change option",
        "content_type": 9,
        "codename": "change_option"
    }
},
{
    "model": "auth.permission",
    "pk": 35,
    "fields": {
        "name": "Can delete option",
        "content_type": 9,
        "codename": "delete_option"
    }
},
{
    "model": "auth.permission",
    "pk": 36,
    "fields": {
        "name": "Can view option",
        "content_type": 9,
        "codename": "view_option"
    }
},
{
    "model": "auth.permission",
    "pk": 37,
    "fields": {
        "name": "Can add answer",
        "content_type": 10,
        "codename": "add_answer"
    }
},
{
    "model": "auth.permission",
    "pk": 38,
    "fields": {
        "name": "Can change answer",
        "content_type": 10,
        "codename": "change_answer"
    }
},
{
    "model": "auth.permission",
    "pk": 39,
    "fields": {
        "name": "Can delete answer",
        "content_type": 10,
        "codename": "delete_answer"
    }
},
{
    "model": "auth.permission",
    "pk": 40,
    "fields": {
        "name": "Can view answer",
        "content_type": 10,
        "codename": "view_answer"
    }
},
{
    "model": "auth.permission",
    "pk": 41,
    "fields": {
        "name": "Can add testing",
        "content_type": 11,
        "codename": "add_testing"
    }
},
{
    "model": "auth.permission",
    "pk": 42,
    "fields": {
        "name": "Can change testing",
        "content_type": 11,
        "codename": "change_testing"
    }
},
{
    "model": "auth.permission",
    "pk": 43,
    "fields": {
        "name": "Can delete testing",
        "content_type": 11,
        "codename": "delete_testing"
    }
},
{
    "model": "auth.permission",
    "pk": 44,
    "fields": {
        "name": "Can view testing",
        "content_type": 11,
        "codename": "view_testing"
    }
},
{
    "model": "contenttypes.contenttype",
    "pk": 1,
    "fields": {
        "app_label": "admin",
        "model": "logentry"
    }
},
{
    "model": "contenttypes.contenttype",
    "pk": 2,
    "fields": {
        "app_label": "auth",
        "model": "permission"
    }
},
{
    "model": "contenttypes.contenttype",
    "pk": 3,
    "fields": {
        "app_label": "auth",
        "model": "group"
    }
},
{
    "model": "contenttypes.contenttype",
    "pk": 4,
    "fields": {
        "app_label": "contenttypes",
        "model": "contenttype"
    }
},
{
    "model": "contenttypes.contenttype",
    "pk": 5,
    "fields": {
        "app_label": "sessions",
        "model": "session"
    }
},
{
    "model": "contenttypes.contenttype",
    "pk": 6,
    "fields": {
        "app_label": "accounts",
        "model": "user"
    }
},
{
    "model": "contenttypes.contenttype",
    "pk": 7,
    "fields": {
        "app_label": "quizzes",
        "model": "quiz"
    }
},
{
    "model": "contenttypes.contenttype",
    "pk": 8,
    "fields": {
        "app_label": "quizzes",
        "model": "question"
    }
},
{
    "model": "contenttypes.contenttype",
    "pk": 9,
    "fields": {
        "app_label": "quizzes",
        "model": "option"
    }
},
{
    "model": "contenttypes.contenttype",
    "pk": 10,
    "fields": {
        "app_label": "quizzes",
        "model": "answer"
    }
},
{
    "model": "contenttypes.contenttype",
    "pk": 11,
    "fields": {
        "app_label": "quizzes",
        "model": "testing"
    }
},
{
    "model": "sessions.session",
    "pk": "342014k3gpf6a9cqlbxmqf85b657sly9",
    "fields": {
        "session_data": ".eJxVjEEOwiAQRe_C2hCgtAwu3XsGMgODVA0kpV0Z765NutDtf-_9lwi4rSVsnZcwJ3EWWpx-N8L44LqDdMd6azK2ui4zyV2RB-3y2hI_L4f7d1Cwl2_tLY9oQYMfXISMDHZgopjMpDIq5SzjmAnYZTTJe2MHouSU5hwnBSzeH_PTOJ0:1p2Z9r:FFZr9L1f2YLw6SX00jloYjRgTBCcERD56QAkFXiLXk4",
        "expire_date": "2022-12-20T14:42:55.107Z"
    }
},
{
    "model": "accounts.user",
    "pk": 1,
    "fields": {
        "password": "pbkdf2_sha256$390000$uAfApQaqC1i8gabyXhfSIk$m7nn3ql5ZUzKBC5+lNOi8m2z6jDrMNjSotOvYL9ocIo=",
        "last_login": "2022-12-06T14:42:55.026Z",
        "is_superuser": true,
        "username": "admin",
        "first_name": "",
        "last_name": "",
        "email": "",
        "is_staff": true,
        "is_active": true,
        "date_joined": "2022-12-05T13:08:00.789Z",
        "groups": [],
        "user_permissions": []
    }
},
{
    "model": "accounts.user",
    "pk": 2,
    "fields": {
        "password": "pbkdf2_sha256$390000$cKW1AVBLW9Re02bIIU1S1z$VD0Sz1YnZmzLuYjMIe3AmflPyYr0lN5ZRxtuwss9+co=",
        "last_login": "2022-12-05T20:56:31.970Z",
        "is_superuser": false,
        "username": "test",
        "first_name": "",
        "last_name": "",
        "email": "",
        "is_staff": false,
        "is_active": true,
        "date_joined": "2022-12-05T18:36:31.578Z",
        "groups": [],
        "user_permissions": []
    }
},
{
    "model": "quizzes.quiz",
    "pk": 1,
    "fields": {
        "created_at": "2022-12-05T13:09:00.750Z",
        "updated_at": "2022-12-05T13:09:00.750Z",
        "name": "Simple addition",
        "subject": "Maths",
        "pass_score": 60.0
    }
},
{
    "model": "quizzes.quiz",
    "pk": 2,
    "fields": {
        "created_at": "2022-12-05T13:09:11.942Z",
        "updated_at": "2022-12-05T13:09:11.942Z",
        "name": "General",
        "subject": "General culture",
        "pass_score": 80.0
    }
},
{
    "model": "quizzes.question",
    "pk": 1,
    "fields": {
        "created_at": "2022-12-05T13:09:42.859Z",
        "updated_at": "2022-12-05T13:09:42.859Z",
        "quiz": 1,
        "content": "2 + 2 = ...?"
    }
},
{
    "model": "quizzes.question",
    "pk": 2,
    "fields": {
        "created_at": "2022-12-05T13:11:24.465Z",
        "updated_at": "2022-12-06T14:36:40.620Z",
        "quiz": 1,
        "content": "1 + 1 = ...?"
    }
},
{
    "model": "quizzes.question",
    "pk": 3,
    "fields": {
        "created_at": "2022-12-05T18:25:35.777Z",
        "updated_at": "2022-12-05T18:25:35.777Z",
        "quiz": 2,
        "content": "Money of russian ?"
    }
},
{
    "model": "quizzes.question",
    "pk": 4,
    "fields": {
        "created_at": "2022-12-05T18:27:48.336Z",
        "updated_at": "2022-12-06T14:23:25.481Z",
        "quiz": 1,
        "content": "2 + 5 = ..?"
    }
},
{
    "model": "quizzes.option",
    "pk": 1,
    "fields": {
        "created_at": "2022-12-05T13:09:42.861Z",
        "updated_at": "2022-12-05T13:09:42.861Z",
        "question": 1,
        "content": "4",
        "correct": true
    }
},
{
    "model": "quizzes.option",
    "pk": 2,
    "fields": {
        "created_at": "2022-12-05T13:09:42.864Z",
        "updated_at": "2022-12-05T13:09:42.864Z",
        "question": 1,
        "content": "3",
        "correct": false
    }
},
{
    "model": "quizzes.option",
    "pk": 3,
    "fields": {
        "created_at": "2022-12-05T13:09:42.866Z",
        "updated_at": "2022-12-05T13:09:42.866Z",
        "question": 1,
        "content": "6",
        "correct": false
    }
},
{
    "model": "quizzes.option",
    "pk": 4,
    "fields": {
        "created_at": "2022-12-05T13:09:42.868Z",
        "updated_at": "2022-12-05T13:09:42.868Z",
        "question": 1,
        "content": "7",
        "correct": false
    }
},
{
    "model": "quizzes.option",
    "pk": 5,
    "fields": {
        "created_at": "2022-12-05T13:11:24.468Z",
        "updated_at": "2022-12-05T13:11:24.468Z",
        "question": 2,
        "content": "3",
        "correct": false
    }
},
{
    "model": "quizzes.option",
    "pk": 6,
    "fields": {
        "created_at": "2022-12-05T13:11:24.469Z",
        "updated_at": "2022-12-05T13:11:24.469Z",
        "question": 2,
        "content": "2",
        "correct": true
    }
},
{
    "model": "quizzes.option",
    "pk": 7,
    "fields": {
        "created_at": "2022-12-05T13:11:24.471Z",
        "updated_at": "2022-12-05T13:11:24.471Z",
        "question": 2,
        "content": "4",
        "correct": false
    }
},
{
    "model": "quizzes.option",
    "pk": 8,
    "fields": {
        "created_at": "2022-12-05T13:11:24.474Z",
        "updated_at": "2022-12-06T14:31:24.290Z",
        "question": 2,
        "content": "9",
        "correct": false
    }
},
{
    "model": "quizzes.option",
    "pk": 9,
    "fields": {
        "created_at": "2022-12-05T18:25:35.796Z",
        "updated_at": "2022-12-05T18:25:35.796Z",
        "question": 3,
        "content": "Ruble",
        "correct": true
    }
},
{
    "model": "quizzes.option",
    "pk": 10,
    "fields": {
        "created_at": "2022-12-05T18:25:35.833Z",
        "updated_at": "2022-12-05T18:25:35.833Z",
        "question": 3,
        "content": "Yen",
        "correct": false
    }
},
{
    "model": "quizzes.option",
    "pk": 11,
    "fields": {
        "created_at": "2022-12-05T18:25:35.835Z",
        "updated_at": "2022-12-05T18:25:35.835Z",
        "question": 3,
        "content": "Dollars",
        "correct": false
    }
},
{
    "model": "quizzes.option",
    "pk": 12,
    "fields": {
        "created_at": "2022-12-05T18:25:35.837Z",
        "updated_at": "2022-12-05T18:25:35.837Z",
        "question": 3,
        "content": "Euros",
        "correct": false
    }
},
{
    "model": "quizzes.option",
    "pk": 13,
    "fields": {
        "created_at": "2022-12-05T18:27:48.338Z",
        "updated_at": "2022-12-05T18:27:48.338Z",
        "question": 4,
        "content": "6",
        "correct": false
    }
},
{
    "model": "quizzes.option",
    "pk": 14,
    "fields": {
        "created_at": "2022-12-05T18:27:48.340Z",
        "updated_at": "2022-12-05T18:27:48.340Z",
        "question": 4,
        "content": "7",
        "correct": true
    }
},
{
    "model": "quizzes.option",
    "pk": 15,
    "fields": {
        "created_at": "2022-12-05T18:27:48.342Z",
        "updated_at": "2022-12-05T18:27:48.342Z",
        "question": 4,
        "content": "9",
        "correct": false
    }
},
{
    "model": "quizzes.option",
    "pk": 16,
    "fields": {
        "created_at": "2022-12-05T18:27:48.344Z",
        "updated_at": "2022-12-05T18:27:48.344Z",
        "question": 4,
        "content": "10",
        "correct": false
    }
},
{
    "model": "quizzes.answer",
    "pk": 19,
    "fields": {
        "created_at": "2022-12-05T17:58:12.715Z",
        "updated_at": "2022-12-05T17:58:12.715Z",
        "user": 1,
        "question": 1,
        "options": [
            1
        ]
    }
},
{
    "model": "quizzes.answer",
    "pk": 20,
    "fields": {
        "created_at": "2022-12-05T17:58:18.744Z",
        "updated_at": "2022-12-05T17:58:18.744Z",
        "user": 1,
        "question": 2,
        "options": [
            7
        ]
    }
},
{
    "model": "quizzes.answer",
    "pk": 21,
    "fields": {
        "created_at": "2022-12-05T17:58:44.642Z",
        "updated_at": "2022-12-05T17:58:44.642Z",
        "user": 1,
        "question": 1,
        "options": [
            1
        ]
    }
},
{
    "model": "quizzes.answer",
    "pk": 22,
    "fields": {
        "created_at": "2022-12-05T17:58:46.346Z",
        "updated_at": "2022-12-05T17:58:46.346Z",
        "user": 1,
        "question": 2,
        "options": [
            7
        ]
    }
},
{
    "model": "quizzes.answer",
    "pk": 23,
    "fields": {
        "created_at": "2022-12-05T18:00:51.827Z",
        "updated_at": "2022-12-05T18:00:51.827Z",
        "user": 1,
        "question": 1,
        "options": [
            1
        ]
    }
},
{
    "model": "quizzes.answer",
    "pk": 24,
    "fields": {
        "created_at": "2022-12-05T18:00:55.433Z",
        "updated_at": "2022-12-05T18:00:55.433Z",
        "user": 1,
        "question": 2,
        "options": [
            5
        ]
    }
},
{
    "model": "quizzes.answer",
    "pk": 25,
    "fields": {
        "created_at": "2022-12-05T18:01:35.237Z",
        "updated_at": "2022-12-05T18:01:35.237Z",
        "user": 1,
        "question": 1,
        "options": [
            1
        ]
    }
},
{
    "model": "quizzes.answer",
    "pk": 26,
    "fields": {
        "created_at": "2022-12-05T18:01:37.187Z",
        "updated_at": "2022-12-05T18:01:37.187Z",
        "user": 1,
        "question": 2,
        "options": [
            8
        ]
    }
},
{
    "model": "quizzes.answer",
    "pk": 27,
    "fields": {
        "created_at": "2022-12-05T18:30:24.412Z",
        "updated_at": "2022-12-05T18:30:24.412Z",
        "user": 1,
        "question": 3,
        "options": [
            11
        ]
    }
},
{
    "model": "quizzes.answer",
    "pk": 28,
    "fields": {
        "created_at": "2022-12-05T18:30:27.709Z",
        "updated_at": "2022-12-05T18:30:27.709Z",
        "user": 1,
        "question": 3,
        "options": [
            9
        ]
    }
},
{
    "model": "quizzes.answer",
    "pk": 29,
    "fields": {
        "created_at": "2022-12-05T18:37:39.964Z",
        "updated_at": "2022-12-05T18:37:39.964Z",
        "user": 2,
        "question": 1,
        "options": [
            3
        ]
    }
},
{
    "model": "quizzes.answer",
    "pk": 30,
    "fields": {
        "created_at": "2022-12-05T18:37:42.995Z",
        "updated_at": "2022-12-05T18:37:42.995Z",
        "user": 2,
        "question": 2,
        "options": [
            6
        ]
    }
},
{
    "model": "quizzes.answer",
    "pk": 31,
    "fields": {
        "created_at": "2022-12-05T18:37:45.383Z",
        "updated_at": "2022-12-05T18:37:45.383Z",
        "user": 2,
        "question": 4,
        "options": [
            14
        ]
    }
},
{
    "model": "quizzes.answer",
    "pk": 32,
    "fields": {
        "created_at": "2022-12-05T18:47:08.815Z",
        "updated_at": "2022-12-05T18:47:08.815Z",
        "user": 2,
        "question": 3,
        "options": [
            9
        ]
    }
},
{
    "model": "quizzes.answer",
    "pk": 33,
    "fields": {
        "created_at": "2022-12-05T18:47:24.491Z",
        "updated_at": "2022-12-05T18:47:24.491Z",
        "user": 2,
        "question": 1,
        "options": [
            4,
            1
        ]
    }
},
{
    "model": "quizzes.answer",
    "pk": 34,
    "fields": {
        "created_at": "2022-12-05T18:47:26.881Z",
        "updated_at": "2022-12-05T18:47:26.881Z",
        "user": 2,
        "question": 2,
        "options": [
            6
        ]
    }
},
{
    "model": "quizzes.answer",
    "pk": 35,
    "fields": {
        "created_at": "2022-12-05T18:47:28.802Z",
        "updated_at": "2022-12-05T18:47:28.802Z",
        "user": 2,
        "question": 4,
        "options": [
            16
        ]
    }
},
{
    "model": "quizzes.answer",
    "pk": 36,
    "fields": {
        "created_at": "2022-12-05T21:03:16.566Z",
        "updated_at": "2022-12-05T21:03:16.566Z",
        "user": 2,
        "question": 1,
        "options": [
            3
        ]
    }
},
{
    "model": "quizzes.answer",
    "pk": 37,
    "fields": {
        "created_at": "2022-12-05T21:03:19.463Z",
        "updated_at": "2022-12-05T21:03:19.463Z",
        "user": 2,
        "question": 2,
        "options": [
            5
        ]
    }
},
{
    "model": "quizzes.answer",
    "pk": 38,
    "fields": {
        "created_at": "2022-12-05T21:03:24.642Z",
        "updated_at": "2022-12-05T21:03:24.642Z",
        "user": 2,
        "question": 4,
        "options": [
            14
        ]
    }
},
{
    "model": "quizzes.testing",
    "pk": 11,
    "fields": {
        "created_at": "2022-12-05T17:58:09.054Z",
        "updated_at": "2022-12-05T17:58:18.814Z",
        "user": 1,
        "quiz": 1,
        "finished": true,
        "answered_questions": [
            2,
            1
        ],
        "answers": [
            20,
            19
        ]
    }
},
{
    "model": "quizzes.testing",
    "pk": 12,
    "fields": {
        "created_at": "2022-12-05T17:58:42.820Z",
        "updated_at": "2022-12-05T18:00:46.633Z",
        "user": 1,
        "quiz": 1,
        "finished": true,
        "answered_questions": [
            2,
            1
        ],
        "answers": [
            22,
            21
        ]
    }
},
{
    "model": "quizzes.testing",
    "pk": 13,
    "fields": {
        "created_at": "2022-12-05T18:00:48.994Z",
        "updated_at": "2022-12-05T18:00:55.525Z",
        "user": 1,
        "quiz": 1,
        "finished": true,
        "answered_questions": [
            2,
            1
        ],
        "answers": [
            24,
            23
        ]
    }
},
{
    "model": "quizzes.testing",
    "pk": 14,
    "fields": {
        "created_at": "2022-12-05T18:01:33.956Z",
        "updated_at": "2022-12-05T18:01:37.255Z",
        "user": 1,
        "quiz": 1,
        "finished": true,
        "answered_questions": [
            2,
            1
        ],
        "answers": [
            26,
            25
        ]
    }
},
{
    "model": "quizzes.testing",
    "pk": 15,
    "fields": {
        "created_at": "2022-12-05T18:30:21.819Z",
        "updated_at": "2022-12-05T18:30:24.468Z",
        "user": 1,
        "quiz": 2,
        "finished": true,
        "answered_questions": [
            3
        ],
        "answers": [
            27
        ]
    }
},
{
    "model": "quizzes.testing",
    "pk": 16,
    "fields": {
        "created_at": "2022-12-05T18:30:25.994Z",
        "updated_at": "2022-12-05T18:30:27.776Z",
        "user": 1,
        "quiz": 2,
        "finished": true,
        "answered_questions": [
            3
        ],
        "answers": [
            28
        ]
    }
},
{
    "model": "quizzes.testing",
    "pk": 17,
    "fields": {
        "created_at": "2022-12-05T18:37:37.350Z",
        "updated_at": "2022-12-05T18:37:45.451Z",
        "user": 2,
        "quiz": 1,
        "finished": true,
        "answered_questions": [
            4,
            2,
            1
        ],
        "answers": [
            31,
            30,
            29
        ]
    }
},
{
    "model": "quizzes.testing",
    "pk": 18,
    "fields": {
        "created_at": "2022-12-05T18:42:57.569Z",
        "updated_at": "2022-12-05T18:47:28.865Z",
        "user": 2,
        "quiz": 1,
        "finished": true,
        "answered_questions": [
            4,
            2,
            1
        ],
        "answers": [
            35,
            34,
            33
        ]
    }
},
{
    "model": "quizzes.testing",
    "pk": 19,
    "fields": {
        "created_at": "2022-12-05T18:43:18.294Z",
        "updated_at": "2022-12-05T18:47:08.961Z",
        "user": 2,
        "quiz": 2,
        "finished": true,
        "answered_questions": [
            3
        ],
        "answers": [
            32
        ]
    }
},
{
    "model": "quizzes.testing",
    "pk": 20,
    "fields": {
        "created_at": "2022-12-05T18:49:31.499Z",
        "updated_at": "2022-12-05T21:03:24.727Z",
        "user": 2,
        "quiz": 1,
        "finished": true,
        "answered_questions": [
            4,
            2,
            1
        ],
        "answers": [
            38,
            37,
            36
        ]
    }
},
{
    "model": "quizzes.testing",
    "pk": 21,
    "fields": {
        "created_at": "2022-12-05T21:06:02.973Z",
        "updated_at": "2022-12-05T21:06:02.973Z",
        "user": 2,
        "quiz": 1,
        "finished": false,
        "answered_questions": [],
        "answers": []
    }
},
{
    "model": "quizzes.testing",
    "pk": 22,
    "fields": {
        "created_at": "2022-12-05T21:11:04.280Z",
        "updated_at": "2022-12-05T21:11:04.280Z",
        "user": 2,
        "quiz": 2,
        "finished": false,
        "answered_questions": [],
        "answers": []
    }
}
]
